Match,Blue1,Blue2,Blue3,BlueDP,Red1,Red2,Red3,RedDP,Pred,Result,Correct?,Brier
frc2910,frc2928,frc2415,162.21670450075712,frc5499,frc2811,frc5829,153.62491993658256,0.29730923301426043,